tconst,primaryTitle,startYear,genres
tt0066626,All in the Family,1971,"Comedy,Drama"
tt0068098,M*A*S*H,1972,"Comedy,Drama,War"
tt0070644,Scenes from a Marriage,1973,Drama
tt0070992,Happy Days,1974,"Comedy,Family,Music"
tt0071007,Little House on the Prairie,1974,"Drama,Family,Romance"
tt0071075,The World at War,1973,"Documentary,History,War"
tt0072500,Fawlty Towers,1975,Comedy
tt0072562,Saturday Night Live,1975,"Comedy,Music"
tt0074006,"I, Claudius",1976,"Biography,Drama,History"
tt0074028,The Muppet Show,1976,"Comedy,Family,Music"
tt0075520,Jesus of Nazareth,1977,"Biography,Drama,History"
tt0075572,Roots,1977,"Biography,Drama,History"
tt0075596,Three's Company,1976,Comedy
tt0076984,Battlestar Galactica,1978,"Action,Adventure,Sci-Fi"
tt0077031,The Incredible Hulk,1978,"Action,Adventure,Drama"
tt0080240,"Magnum, P.I.",1980,"Action,Adventure,Crime"
tt0080274,Shogun,1980,"Adventure,Drama,History"
tt0081834,Das Boot,1985,"Drama,Thriller,War"
tt0081846,Cosmos,1980,Documentary
tt0081912,Only Fools and Horses....,1981,Comedy
tt0081933,The Smurfs,1981,"Adventure,Animation,Comedy"
tt0083399,Cheers,1982,"Comedy,Drama"
tt0083413,Family Ties,1982,"Comedy,Family"
tt0083437,Knight Rider,1982,"Action,Crime,Drama"
tt0083466,Police Squad!,1982,"Comedy,Crime"
tt0083505,The Young Ones,1982,Comedy
tt0084967,The A-Team,1983,"Action,Adventure,Crime"
tt0084988,The Black Adder,1982,Comedy
tt0085033,Inspector Gadget,1983,"Action,Adventure,Animation"
tt0085106,V,1983,"Action,Adventure,Sci-Fi"
tt0086659,'Allo 'Allo!,1982,"Comedy,History,War"
tt0086661,The Adventures of Sherlock Holmes,1984,"Crime,Drama,Mystery"
tt0086687,The Cosby Show,1984,"Comedy,Family,Romance"
tt0086759,Miami Vice,1984,"Action,Crime,Drama"
tt0086765,"Murder, She Wrote",1984,"Crime,Drama,Mystery"
tt0086817,The Transformers,1984,"Action,Adventure,Animation"
tt0088484,Black-Adder II,1986,Comedy
tt0088491,The Bugs Bunny/Looney Tunes Comedy Hour,1985,"Animation,Comedy,Family"
tt0088509,Dragon Ball,1986,"Action,Adventure,Animation"
tt0088526,The Golden Girls,1985,"Comedy,Drama"
tt0088527,Growing Pains,1985,"Comedy,Family"
tt0088559,MacGyver,1985,"Action,Adventure,Crime"
tt0088571,Moonlighting,1985,"Comedy,Drama,Mystery"
tt0088631,Thundercats,1985,"Action,Adventure,Animation"
tt0088727,Anne of Green Gables,1985,"Drama,Family"
tt0090390,ALF,1986,"Comedy,Family,Sci-Fi"
tt0092324,Black Adder the Third,1987,Comedy
tt0092337,Dekalog,1989,Drama
tt0092345,DuckTales,1987,"Adventure,Animation,Comedy"
tt0092359,Full House,1987,"Comedy,Drama,Family"
tt0092400,Married with Children,1986,Comedy
tt0092455,Star Trek: The Next Generation,1987,"Action,Adventure,Mystery"
tt0094517,Mystery Science Theater 3000,1988,"Comedy,Sci-Fi"
tt0094525,Poirot,1989,"Crime,Drama,Mystery"
tt0094535,Red Dwarf,1988,"Comedy,Sci-Fi"
tt0094540,Roseanne,1988,"Comedy,Drama"
tt0094582,The Wonder Years,1988,"Comedy,Drama,Family"
tt0096542,Baywatch,1989,"Action,Adventure,Crime"
tt0096548,Blackadder Goes Forth,1989,"Comedy,War"
tt0096557,Chip 'n' Dale Rescue Rangers,1988,"Adventure,Animation,Comedy"
tt0096579,Family Matters,1989,"Comedy,Drama,Family"
tt0096639,Lonesome Dove,1989,"Adventure,Drama,Western"
tt0096657,Mr. Bean,1990,"Comedy,Family"
tt0096684,Quantum Leap,1989,"Action,Adventure,Drama"
tt0096694,Saved by the Bell,1989,"Comedy,Family,Romance"
tt0096697,The Simpsons,1989,"Animation,Comedy"
tt0096708,Tales from the Crypt,1989,"Comedy,Crime,Fantasy"
tt0098749,"Beverly Hills, 90210",1990,"Drama,Romance"
tt0098800,The Fresh Prince of Bel-Air,1990,Comedy
tt0098825,House of Cards,1990,Drama
tt0098833,Jeeves and Wooster,1990,Comedy
tt0098837,Keeping Up Appearances,1990,Comedy
tt0098844,Law & Order,1990,"Crime,Drama,Mystery"
tt0098878,Northern Exposure,1990,"Comedy,Drama,Fantasy"
tt0098904,Seinfeld,1989,Comedy
tt0098924,TaleSpin,1990,"Action,Adventure,Animation"
tt0098929,Tiny Toon Adventures,1990,"Adventure,Animation,Comedy"
tt0098936,Twin Peaks,1990,"Crime,Drama,Mystery"
tt0099864,It,1990,"Drama,Horror,Mystery"
tt0101076,Darkwing Duck,1991,"Action,Adventure,Animation"
tt0101081,Dinosaurs,1991,"Comedy,Family,Fantasy"
tt0101084,Doug,1991,"Animation,Comedy,Drama"
tt0101120,Home Improvement,1991,"Comedy,Family"
tt0101178,The Ren & Stimpy Show,1991,"Animation,Comedy"
tt0101188,Rugrats,1990,"Adventure,Animation,Comedy"
tt0101205,Step by Step,1991,"Comedy,Family,Romance"
tt0103352,Are You Afraid of the Dark?,1990,"Drama,Family,Fantasy"
tt0103359,Batman: The Animated Series,1992,"Action,Adventure,Animation"
tt0103376,Bottom,1991,Comedy
tt0103442,Highlander,1992,"Action,Adventure,Fantasy"
tt0103484,Mad About You,1992,"Comedy,Romance"
tt0103584,X-Men,1992,"Action,Animation,Family"
tt0105929,Absolutely Fabulous,1992,Comedy
tt0105941,Animaniacs,1993,"Animation,Comedy,Family"
tt0105946,Babylon 5,1994,"Action,Adventure,Drama"
tt0105950,Beavis and Butt-Head,1993,"Animation,Comedy,Music"
tt0105958,Boy Meets World,1993,"Comedy,Drama,Family"
tt0106004,Frasier,1993,Comedy
tt0106028,Homicide: Life on the Street,1993,"Crime,Drama,Mystery"
tt0106052,Late Night with Conan O'Brien,1993,"Comedy,Music,Talk-Show"
tt0106053,Late Show with David Letterman,1993,"Comedy,Music,Talk-Show"
tt0106057,Lois & Clark: The New Adventures of Superman,1993,"Adventure,Comedy,Drama"
tt0106064,Mighty Morphin Power Rangers,1993,"Action,Adventure,Family"
tt0106079,NYPD Blue,1993,"Crime,Drama,Mystery"
tt0106080,The Nanny,1993,"Comedy,Family,Romance"
tt0106115,Rocko's Modern Life,1993,"Animation,Comedy,Family"
tt0106145,Star Trek: Deep Space Nine,1993,"Action,Adventure,Drama"
tt0106168,"Walker, Texas Ranger",1993,"Action,Adventure,Crime"
tt0106179,The X-Files,1993,"Drama,Mystery,Sci-Fi"
tt0108757,ER,1994,"Drama,Romance"
tt0108778,Friends,1994,"Comedy,Romance"
tt0108783,Gargoyles,1994,"Action,Adventure,Animation"
tt0108872,My So-Called Life,1994,"Comedy,Drama,Romance"
tt0108906,The Kingdom,1994,"Comedy,Drama,Fantasy"
tt0108941,The Stand,1994,"Adventure,Drama,Fantasy"
tt0111945,The Drew Carey Show,1995,"Comedy,Drama"
tt0111958,Father Ted,1995,Comedy
tt0111987,Goosebumps,1995,"Family,Fantasy,Horror"
tt0111999,Hercules: The Legendary Journeys,1995,"Action,Adventure,Drama"
tt0112022,JAG,1995,"Action,Crime,Drama"
tt0112040,The Langoliers,1995,"Horror,Mystery,Sci-Fi"
tt0112064,The Mask,1995,"Action,Adventure,Animation"
tt0112095,NewsRadio,1995,"Comedy,Romance"
tt0112123,Pinky and the Brain,1995,"Animation,Comedy,Family"
tt0112130,Pride and Prejudice,1995,"Drama,Romance"
tt0112159,Neon Genesis Evangelion,1995,"Action,Animation,Drama"
tt0112167,Sliders,1995,"Adventure,Fantasy,Sci-Fi"
tt0112175,Spider-Man,1994,"Action,Adventure,Animation"
tt0112178,Star Trek: Voyager,1995,"Action,Adventure,Sci-Fi"
tt0112230,Xena: Warrior Princess,1995,"Action,Adventure,Drama"
tt0114327,Sailor Moon,1995,"Action,Adventure,Animation"
tt0115082,3rd Rock from the Sun,1996,"Comedy,Family,Sci-Fi"
tt0115083,7th Heaven,1996,"Drama,Family,Romance"
tt0115147,The Daily Show,1996,"Comedy,News,Talk-Show"
tt0115157,Dexter's Laboratory,1996,"Animation,Comedy,Family"
tt0115163,Early Edition,1996,"Adventure,Comedy,Drama"
tt0115167,Everybody Loves Raymond,1996,Comedy
tt0115200,Hey Arnold!,1994,"Animation,Comedy,Drama"
tt0115231,Kenan & Kel,1996,"Comedy,Family"
tt0115320,The Pretender,1996,"Drama,Mystery,Sci-Fi"
tt0115341,"Sabrina, the Teenage Witch",1996,"Comedy,Family,Fantasy"
tt0115369,Spin City,1996,Comedy
tt0115378,Superman,1996,"Action,Adventure,Animation"
tt0118254,Ally McBeal,1997,"Comedy,Drama,Fantasy"
tt0118266,The New Batman Adventures,1997,"Action,Adventure,Animation"
tt0118276,Buffy the Vampire Slayer,1996,"Action,Drama,Fantasy"
tt0118289,Cow and Chicken,1995,"Animation,Comedy,Family"
tt0118298,Daria,1997,"Animation,Comedy,Drama"
tt0118300,Dawson's Creek,1998,"Drama,Romance"
tt0118303,Dharma & Greg,1997,"Comedy,Romance"
tt0118360,Johnny Bravo,1997,"Animation,Comedy,Family"
tt0118364,Just Shoot Me!,1997,Comedy
tt0118375,King of the Hill,1997,"Animation,Comedy,Drama"
tt0118401,Midsomer Murders,1997,"Crime,Drama,Mystery"
tt0118414,The Odyssey,1997,"Adventure,Drama,Fantasy"
tt0118421,Oz,1997,"Crime,Drama,Thriller"
tt0118460,The Shining,1997,"Drama,Fantasy,Horror"
tt0118480,Stargate SG-1,1997,"Action,Adventure,Drama"
tt0121220,Dragon Ball Z,1989,"Action,Adventure,Animation"
tt0121955,South Park,1997,"Animation,Comedy"
tt0126158,He-Man and the Masters of the Universe,1983,"Action,Adventure,Animation"
tt0126170,Recess,1997,"Adventure,Animation,Comedy"
tt0129690,I'm Alan Partridge,1997,Comedy
tt0130414,Merlin,1998,"Action,Adventure,Drama"
tt0131613,Teenage Mutant Ninja Turtles,1987,"Action,Adventure,Animation"
tt0131664,The Angry Beavers,1997,"Animation,Comedy,Family"
tt0135659,Storm of the Century,1999,"Drama,Fantasy,Horror"
tt0137330,"Two Guys, a Girl and a Pizza Place",1998,"Comedy,Romance"
tt0139774,Dragon Ball GT,1996,"Action,Adventure,Animation"
tt0141842,The Sopranos,1999,"Crime,Drama"
tt0142032,Dune,2000,"Adventure,Drama,Fantasy"
tt0147746,Batman Beyond,1999,"Action,Adventure,Animation"
tt0149460,Futurama,1999,"Animation,Comedy,Sci-Fi"
tt0154061,CatDog,1998,"Animation,Comedy,Family"
tt0157246,Will & Grace,1998,"Comedy,Romance"
tt0158552,Charmed,1998,"Drama,Fantasy,Mystery"
tt0159206,Sex and the City,1998,"Comedy,Drama,Romance"
tt0160904,MI-5,2002,"Drama,Thriller"
tt0162065,Angel,1999,"Action,Drama,Fantasy"
tt0163503,Top Gear,1978,Documentary
tt0163507,Whose Line Is It Anyway?,1998,"Comedy,Game-Show"
tt0165581,The King of Queens,1998,Comedy
tt0165598,That '70s Show,1998,"Comedy,Romance"
tt0167743,The Wild Thornberrys,1998,"Adventure,Animation,Comedy"
tt0168366,Pokémon,1997,"Action,Adventure,Animation"
tt0169414,Arthur,1996,"Animation,Comedy,Drama"
tt0174378,Becker,1998,Comedy
tt0175058,The Powerpuff Girls,1998,"Action,Animation,Comedy"
tt0179552,The Adventures of Tintin,1991,"Action,Adventure,Animation"
tt0182576,Family Guy,1998,"Animation,Comedy"
tt0182629,Rurouni Kenshin: Wandering Samurai,1996,"Action,Adventure,Animation"
tt0184111,"Ed, Edd n Eddy",1999,"Animation,Comedy,Family"
tt0185906,Band of Brothers,2001,"Action,Drama,History"
tt0187636,Farscape,1999,"Adventure,Drama,Sci-Fi"
tt0187664,Spaced,1999,"Action,Comedy"
tt0193676,Freaks and Geeks,1999,"Comedy,Drama"
tt0200276,The West Wing,1999,Drama
tt0201391,Roswell,1999,"Drama,Mystery,Sci-Fi"
tt0203082,Samurai X: Trust and Betrayal,1999,"Action,Adventure,Animation"
tt0203259,Law & Order: Special Victims Unit,1999,"Crime,Drama,Mystery"
tt0204993,Dark Angel,2000,"Action,Drama,Mystery"
tt0206511,Even Stevens,2000,"Comedy,Family"
tt0206512,SpongeBob SquarePants,1999,"Animation,Comedy,Family"
tt0207275,The 10th Kingdom,2000,"Adventure,Comedy,Family"
tt0210413,Clerks,2000,"Animation,Comedy"
tt0210418,Digimon: Digital Monsters,1999,"Action,Adventure,Animation"
tt0212671,Malcolm in the Middle,2000,"Comedy,Family"
tt0213327,Andromeda,2000,"Action,Adventure,Drama"
tt0213338,Cowboy Bebop,1998,"Action,Adventure,Animation"
tt0214341,Dragon Ball Z,1996,"Action,Adventure,Animation"
tt0220880,Courage the Cowardly Dog,1999,"Animation,Comedy,Family"
tt0235918,The Fairly OddParents,2001,"Animation,Comedy,Family"
tt0235923,Invader ZIM,2001,"Animation,Comedy,Family"
tt0237123,Coupling,2000,"Comedy,Romance"
tt0238784,Gilmore Girls,2000,"Comedy,Drama"
tt0239195,Survivor,2000,"Adventure,Game-Show,Reality-TV"
tt0244365,Star Trek: Enterprise,2001,"Action,Adventure,Drama"
tt0247082,CSI: Crime Scene Investigation,2000,"Crime,Drama,Mystery"
tt0248654,Six Feet Under,2001,"Comedy,Drama"
tt0249327,Yu-Gi-Oh!,2000,"Action,Adventure,Animation"
tt0251439,Trigun,1998,"Action,Animation,Comedy"
tt0255734,Grounded for Life,2001,Comedy
tt0259141,Jackie Chan Adventures,2000,"Action,Adventure,Animation"
tt0259153,Rose Red,2002,"Horror,Mystery,Thriller"
tt0262150,Black Books,2000,Comedy
tt0262985,Queer as Folk,2000,"Drama,Romance"
tt0264235,Curb Your Enthusiasm,2000,Comedy
tt0264263,Jackass,2000,"Action,Comedy,Reality-TV"
tt0273028,Undeclared,2001,Comedy
tt0273366,Lizzie McGuire,2001,"Comedy,Drama,Family"
tt0273855,My Wife and Kids,2001,"Comedy,Family"
tt0275137,Justice League,2001,"Action,Adventure,Animation"
tt0275140,Law & Order: Criminal Intent,2001,"Crime,Drama,Mystery"
tt0278238,Samurai Jack,2001,"Action,Adventure,Animation"
tt0278866,Kim Possible,2002,"Action,Adventure,Animation"
tt0279077,FLCL,2000,"Action,Animation,Comedy"
tt0279600,Smallville,2001,"Adventure,Drama,Romance"
tt0280249,Dragon Ball,1995,"Action,Adventure,Animation"
tt0284722,Reba,2001,"Comedy,Drama"
tt0285331,24,2001,"Action,Crime,Drama"
tt0285333,Alias,2001,"Action,Drama,Mystery"
tt0285335,The Amazing Race,2001,"Action,Adventure,Family"
tt0285351,According to Jim,2001,"Comedy,Romance"
tt0285403,Scrubs,2001,"Comedy,Drama"
tt0286486,The Shield,2002,"Crime,Drama,Thriller"
tt0287839,Children of Dune,2003,"Adventure,Drama,Fantasy"
tt0289830,Taken,2002,"Drama,Sci-Fi"
tt0290223,Inuyasha,2000,"Action,Adventure,Animation"
tt0290978,The Office,2001,"Comedy,Drama"
tt0290988,Trailer Park Boys,2001,"Comedy,Crime"
tt0292800,The Grim Adventures of Billy & Mandy,2001,"Animation,Comedy,Family"
tt0296310,The Blue Planet,2001,Documentary
tt0297494,Aqua Teen Hunger Force,2000,"Animation,Comedy"
tt0300865,That's So Raven,2003,"Comedy,Family,Fantasy"
tt0303461,Firefly,2002,"Adventure,Drama,Sci-Fi"
tt0306414,The Wire,2002,"Crime,Drama,Thriller"
tt0310455,Foyle's War,2002,"Crime,Drama,Mystery"
tt0312081,8 Simple Rules,2002,"Comedy,Drama"
tt0312109,Codename: Kids Next Door,2002,"Action,Adventure,Animation"
tt0312172,Monk,2002,"Comedy,Crime,Drama"
tt0313043,CSI: Miami,2002,"Action,Crime,Drama"
tt0314979,Battlestar Galactica,2003,"Action,Adventure,Drama"
tt0318871,Berserk,1997,"Action,Adventure,Animation"
tt0318883,Everwood,2002,Drama
tt0318997,Angels in America,2003,"Drama,Fantasy,Romance"
tt0319931,American Idol,2002,"Game-Show,Music,Reality-TV"
tt0319969,Carnivàle,2003,"Drama,Fantasy,Mystery"
tt0320037,Jimmy Kimmel Live!,2003,"Comedy,Music,Talk-Show"
tt0320808,The Adventures of Jimmy Neutron: Boy Genius,1998,"Adventure,Animation,Comedy"
tt0321018,What I Like About You,2002,Comedy
tt0321021,Without a Trace,2002,"Crime,Drama,Mystery"
tt0325547,Hellsing,2001,"Action,Animation,Comedy"
tt0330251,The L Word,2004,"Drama,Romance"
tt0343314,Teen Titans,2003,"Action,Adventure,Animation"
tt0346293,Hitler: The Rise of Evil,2003,"Biography,Drama,History"
tt0346314,Ghost in the Shell: Stand Alone Complex,2002,"Action,Animation,Crime"
tt0346369,Penn & Teller: Bullshit!,2003,"Comedy,Documentary"
tt0348913,Dead Like Me,2003,"Comedy,Drama,Fantasy"
tt0348914,Deadwood,2004,"Crime,Drama,History"
tt0350448,Real Time with Bill Maher,2003,"Comedy,News,Talk-Show"
tt0353049,Chappelle's Show,2003,"Comedy,Music"
tt0358856,Little Britain,2003,Comedy
tt0361217,Nip/Tuck,2003,Drama
tt0361243,Star Wars: Clone Wars,2003,"Action,Adventure,Animation"
tt0361256,Wonderfalls,2004,"Comedy,Drama,Fantasy"
tt0362359,The O.C.,2003,"Comedy,Drama,Romance"
tt0363307,America's Next Top Model,2003,"Game-Show,Reality-TV"
tt0363328,Drake & Josh,2004,"Comedy,Family"
tt0364817,Tru Calling,2003,"Adventure,Drama,Fantasy"
tt0364828,Las Vegas,2003,"Crime,Drama"
tt0364845,NCIS,2003,"Action,Comedy,Crime"
tt0366005,Danny Phantom,2004,"Action,Adventure,Animation"
tt0367274,Da Ali G Show,2003,"Comedy,Talk-Show"
tt0367279,Arrested Development,2003,Comedy
tt0368479,Cold Case,2003,"Crime,Drama,Mystery"
tt0368530,One Tree Hill,2003,"Drama,Romance,Sport"
tt0369179,Two and a Half Men,2003,"Comedy,Romance"
tt0370194,Reno 911!,2003,"Comedy,Crime"
tt0373732,The Boondocks,2005,"Action,Animation,Comedy"
tt0374455,Stargate: Atlantis,2004,"Action,Adventure,Drama"
tt0374463,The Pacific,2010,"Action,Adventure,Drama"
tt0375355,Joey,2004,"Comedy,Romance"
tt0377260,Shameless,2004,"Comedy,Crime,Drama"
tt0379623,Ellen: The Ellen DeGeneres Show,2003,"Comedy,Talk-Show"
tt0379632,Hustle,2004,"Crime,Drama,Mystery"
tt0380136,QI,2003,"Comedy,Game-Show"
tt0381798,Rescue Me,2004,"Comedy,Drama"
tt0383126,MythBusters,2003,"Documentary,Mystery,Reality-TV"
tt0384766,Rome,2005,"Action,Drama,History"
tt0386180,Drawn Together,2004,"Animation,Comedy,Reality-TV"
tt0386676,The Office,2005,Comedy
tt0387199,Entourage,2004,"Comedy,Drama"
tt0387736,Farscape: The Peacekeeper Wars,2004,"Action,Adventure,Drama"
tt0387764,Peep Show,2003,Comedy
tt0388629,One Piece,1999,"Action,Adventure,Animation"
tt0388644,The Staircase,2004,"Crime,Documentary,Drama"
tt0389564,The 4400,2004,"Drama,Mystery,Sci-Fi"
tt0395843,CSI: NY,2004,"Action,Crime,Drama"
tt0397150,Garth Marenghi's Darkplace,2004,"Comedy,Fantasy"
tt0397306,American Dad!,2005,"Animation,Comedy"
tt0397442,Gossip Girl,2007,"Drama,Romance"
tt0402711,Boston Legal,2004,"Comedy,Crime,Drama"
tt0403778,Long Way Round,2004,"Adventure,Documentary"
tt0405576,Ned's Declassified School Survival Guide,2004,"Comedy,Family"
tt0407362,Battlestar Galactica,2004,"Action,Adventure,Drama"
tt0409591,Naruto,2002,"Action,Adventure,Animation"
tt0410975,Desperate Housewives,2004,"Comedy,Drama,Mystery"
tt0411008,Lost,2004,"Adventure,Drama,Fantasy"
tt0412142,House,2004,"Drama,Mystery"
tt0412175,Medium,2005,"Crime,Drama,Fantasy"
tt0412253,Veronica Mars,2004,"Crime,Drama,Mystery"
tt0413573,Grey's Anatomy,2005,"Drama,Romance"
tt0415463,Zoey 101,2005,"Comedy,Drama,Family"
tt0416394,The Mighty Boosh,2003,"Comedy,Fantasy,Musical"
tt0417299,Avatar: The Last Airbender,2003,"Action,Adventure,Animation"
tt0417349,North & South,2004,"Drama,Romance"
tt0417373,The Venture Bros.,2003,"Animation,Comedy,Sci-Fi"
tt0419326,Foster's Home for Imaginary Friends,2004,"Animation,Comedy,Family"
tt0421030,Big Love,2006,Drama
tt0421291,Avrupa Yakasi,2004,Comedy
tt0421357,Fullmetal Alchemist,2003,"Action,Adventure,Animation"
tt0421384,Kurtlar Vadisi,2003,"Action,Crime,Drama"
tt0423731,Samurai Champloo,2004,"Action,Adventure,Animation"
tt0424600,The Andromeda Strain,2008,"Action,Drama,Sci-Fi"
tt0426371,The Suite Life of Zack and Cody,2005,"Comedy,Family"
tt0433309,Numb3rs,2005,"Crime,Drama,Mystery"
tt0434665,Bleach,2004,"Action,Adventure,Animation"
tt0434706,Monster,2004,"Animation,Crime,Drama"
tt0436992,Doctor Who,2005,"Adventure,Drama,Family"
tt0437005,Hell's Kitchen,2005,"Game-Show,Reality-TV"
tt0437745,Robot Chicken,2001,"Animation,Comedy"
tt0439100,Weeds,2005,"Comedy,Crime,Drama"
tt0445114,Extras,2005,"Comedy,Drama"
tt0448190,Masters of Horror,2005,Horror
tt0452046,Criminal Minds,2005,"Crime,Drama,Mystery"
tt0455275,Prison Break,2005,"Action,Crime,Drama"
tt0458253,The Closer,2005,"Crime,Drama,Mystery"
tt0458254,The Colbert Report,2005,"Comedy,News,Talk-Show"
tt0458290,Star Wars: The Clone Wars,2008,"Action,Adventure,Animation"
tt0459159,The Thick of It,2005,Comedy
tt0460091,My Name Is Earl,2005,Comedy
tt0460627,Bones,2005,"Comedy,Crime,Drama"
tt0460637,Everybody Hates Chris,2005,Comedy
tt0460644,Ghost Whisperer,2005,"Drama,Fantasy"
tt0460649,How I Met Your Mother,2005,"Comedy,Romance"
tt0460651,Invasion,2005,"Drama,Horror,Mystery"
tt0460681,Supernatural,2005,"Drama,Fantasy,Horror"
tt0460690,The Unit,2006,"Action,Drama,Thriller"
tt0462128,The New Adventures of Old Christine,2006,Comedy
tt0465316,Afro Samurai,2007,"Action,Adventure,Animation"
tt0472027,John Adams,2008,"Biography,Drama,History"
tt0472954,It's Always Sunny in Philadelphia,2005,Comedy
tt0475784,Westworld,2016,"Drama,Mystery,Sci-Fi"
tt0478942,Life on Mars,2006,"Crime,Drama,Mystery"
tt0480489,Elfen Lied,2004,"Action,Animation,Comedy"
tt0485301,Torchwood,2006,"Action,Drama,Sci-Fi"
tt0485842,Studio 60 on the Sunset Strip,2006,"Comedy,Drama"
tt0487831,The IT Crowd,2006,Comedy
tt0489598,The Hills,2006,"Drama,Reality-TV"
tt0491603,H2O: Just Add Water,2006,"Adventure,Drama,Family"
tt0491738,Psych,2006,"Comedy,Crime,Mystery"
tt0493093,Hannah Montana,2006,"Comedy,Family,Music"
tt0495212,Hellsing Ultimate,2006,"Action,Animation,Comedy"
tt0496424,30 Rock,2006,Comedy
tt0756509,Kyle XY,2006,"Drama,Mystery,Romance"
tt0758737,Brothers & Sisters,2006,Drama
tt0758745,Friday Night Lights,2006,"Drama,Sport"
tt0758790,The Tudors,2007,"Drama,History,Romance"
tt0770762,Happy Tree Friends,1999,"Animation,Horror"
tt0773262,Dexter,2006,"Crime,Drama,Mystery"
tt0780362,Jane Eyre,2006,"Drama,Romance"
tt0787985,Robin Hood,2006,"Action,Adventure,Comedy"
tt0790772,Rules of Engagement,2007,"Comedy,Romance"
tt0791205,Ergo Proxy,2006,"Action,Adventure,Animation"
tt0795176,Planet Earth,2006,Documentary
tt0796264,Eureka,2006,"Adventure,Comedy,Drama"
tt0799862,Caprica,2009,"Action,Drama,Sci-Fi"
tt0799922,Wizards of Waverly Place,2007,"Comedy,Drama,Family"
tt0804503,Mad Men,2007,Drama
tt0805661,The Black Donnellys,2007,"Crime,Drama"
tt0805663,Jericho,2006,"Action,Drama,Mystery"
tt0805666,Shark,2006,"Crime,Drama,Mystery"
tt0805669,Ugly Betty,2006,"Comedy,Drama,Romance"
tt0808096,Primeval,2007,"Action,Adventure,Mystery"
tt0810788,Burn Notice,2007,"Action,Crime,Drama"
tt0813715,Heroes,2006,"Drama,Fantasy,Sci-Fi"
tt0826760,The Killing,2007,"Crime,Drama,Mystery"
tt0830361,The Lost Room,2006,"Action,Fantasy,Mystery"
tt0835434,In Treatment,2008,Drama
tt0839188,Metalocalypse,2006,"Animation,Comedy,Music"
tt0840196,Skins,2007,Drama
tt0844441,True Blood,2008,"Drama,Fantasy,Mystery"
tt0844653,Legend of the Seeker,2008,"Action,Adventure,Drama"
tt0851851,Terminator: The Sarah Connor Chronicles,2008,"Action,Drama,Sci-Fi"
tt0852863,Phineas and Ferb,2007,"Action,Animation,Comedy"
tt0863046,Flight of the Conchords,2007,"Comedy,Music,Musical"
tt0866442,Eastbound & Down,2009,"Comedy,Drama,Sport"
tt0874936,Life,2007,"Crime,Drama,Mystery"
tt0877057,Death Note,2006,"Animation,Crime,Drama"
tt0883772,Man vs. Wild,2006,"Adventure,Reality-TV"
tt0892700,The Penguins of Madagascar,2008,"Action,Adventure,Animation"
tt0898266,The Big Bang Theory,2007,"Comedy,Romance"
tt0903747,Breaking Bad,2008,"Crime,Drama,Thriller"
tt0904208,Californication,2007,"Comedy,Drama"
tt0908454,Gavin & Stacey,2007,"Comedy,Romance"
tt0910812,Tin Man,2007,"Adventure,Fantasy,Sci-Fi"
tt0914387,Damages,2007,"Crime,Drama,Mystery"
tt0925266,Pushing Daisies,2007,"Comedy,Drama,Fantasy"
tt0934320,Summer Heights High,2007,"Comedy,Drama,Family"
tt0934814,Chuck,2007,"Action,Comedy,Drama"
tt0944947,Game of Thrones,2011,"Action,Adventure,Drama"
tt0948103,Tengen toppa gurren lagann,2007,"Action,Adventure,Animation"
tt0955322,Reaper,2007,"Adventure,Comedy,Drama"
tt0955346,Moonlight,2007,"Drama,Fantasy,Horror"
tt0960136,Dirty Sexy Money,2007,Drama
tt0965394,Sanctuary,2008,"Drama,Fantasy,Mystery"
tt0972412,Private Practice,2007,"Comedy,Drama,Romance"
tt0972534,iCarly,2007,"Comedy,Family,Romance"
tt0976014,Greek,2007,"Comedy,Drama"
tt0979432,Boardwalk Empire,2010,"Crime,Drama,History"
tt0985344,Claymore,2007,"Action,Adventure,Animation"
tt0988824,Naruto: Shippûden,2007,"Action,Adventure,Animation"
tt0994314,Code Geass: Lelouch of the Rebellion,2006,"Action,Adventure,Animation"
tt0995832,Generation Kill,2008,"Drama,War"
tt1000734,Secret Diary of a Call Girl,2007,Drama
tt1001482,United States of Tara,2009,"Comedy,Drama,Romance"
tt1034007,Alias Grace,2017,"Biography,Crime,Drama"
tt1051220,The Shannara Chronicles,2016,"Adventure,Fantasy,Sci-Fi"
tt1059475,Flashpoint,2008,"Action,Crime,Drama"
tt1073507,Party Down,2009,Comedy
tt1086761,Keeping Up with the Kardashians,2007,"Drama,Reality-TV"
tt1103987,Leverage,2008,"Crime,Mystery,Thriller"
tt1119644,Fringe,2008,"Drama,Mystery,Sci-Fi"
tt1124373,Sons of Anarchy,2008,"Crime,Drama,Thriller"
tt1132290,Warehouse 13,2009,"Drama,Mystery,Sci-Fi"
tt1135300,Dollhouse,2009,"Drama,Mystery,Sci-Fi"
tt1178618,Wallander,2008,"Crime,Drama,Mystery"
tt1179817,The Secret Life of the American Teenager,2008,"Comedy,Drama,Family"
tt1181917,The Suite Life on Deck,2008,"Action,Adventure,Comedy"
tt1183865,Alphas,2011,"Action,Drama,Sci-Fi"
tt1190689,Nurse Jackie,2009,"Comedy,Drama"
tt1195935,The Cleveland Show,2009,"Animation,Comedy"
tt1196946,The Mentalist,2008,"Crime,Drama,Mystery"
tt1199099,Merlin,2008,"Adventure,Drama,Fantasy"
tt1219024,Castle,2009,"Comedy,Crime,Drama"
tt1220617,The Inbetweeners,2008,Comedy
tt1225901,90210,2008,"Comedy,Drama,Romance"
tt1227926,Dr. Horrible's Sing-Along Blog,2008,"Comedy,Musical,Sci-Fi"
tt1229413,Hung,2009,"Comedy,Drama"
tt1230180,The Angry Video Game Nerd,2004,"Comedy,Talk-Show"
tt1231460,Late Night with Jimmy Fallon,2009,"Comedy,Music,Talk-Show"
tt1232320,Harper's Island,2009,"Drama,Horror,Mystery"
tt1235099,Lie to Me,2009,"Crime,Drama,Mystery"
tt1235547,Better Off Ted,2009,"Comedy,Sci-Fi"
tt1236246,Runaways,2017,"Action,Drama,Sci-Fi"
tt1255913,Bored to Death,2009,"Comedy,Crime,Drama"
tt1266020,Parks and Recreation,2009,Comedy
tt1279972,Treme,2010,"Drama,Music"
tt1280822,Drop Dead Diva,2009,"Comedy,Drama"
tt1285482,Dead Set,2008,"Comedy,Drama,Horror"
tt1286039,SGU Stargate Universe,2009,"Drama,Sci-Fi"
tt1299365,How to Make It in America,2010,"Comedy,Drama"
tt1299368,Southland,2009,"Crime,Drama,Thriller"
tt1305826,Adventure Time,2010,"Action,Adventure,Animation"
tt1307824,V,2009,"Drama,Sci-Fi,Thriller"
tt1319735,Royal Pains,2009,"Comedy,Drama"
tt1321865,Carlos,2010,"Biography,Crime,Drama"
tt1327801,Glee,2009,"Comedy,Drama,Music"
tt1344204,Blue Mountain State,2010,"Comedy,Sport"
tt1349938,Being Human,2008,"Comedy,Drama,Fantasy"
tt1355642,Fullmetal Alchemist: Brotherhood,2009,"Action,Adventure,Animation"
tt1358522,White Collar,2009,"Comedy,Crime,Drama"
tt1366312,Emma,2009,"Comedy,Drama,Romance"
tt1378167,NCIS: Los Angeles,2009,"Crime,Drama,Mystery"
tt1399045,MacGyver,2016,"Action,Adventure,Drama"
tt1399664,The Night Manager,2016,"Crime,Drama,Mystery"
tt1405406,The Vampire Diaries,2009,"Drama,Fantasy,Horror"
tt1409055,Dragon Ball Z Kai,2009,"Action,Adventure,Animation"
tt1415889,Good Luck Charlie,2010,"Comedy,Drama,Family"
tt1416765,Parenthood,2010,"Comedy,Drama"
tt1429449,Lost Girl,2010,"Drama,Fantasy"
tt1430587,Tosh.0,2009,Comedy
tt1439629,Community,2009,Comedy
tt1439741,Human Target,2010,"Action,Adventure,Crime"
tt1441109,Cougar Town,2009,"Comedy,Romance"
tt1441135,Flashforward,2009,"Drama,Mystery,Sci-Fi"
tt1442065,Rookie Blue,2010,"Crime,Drama"
tt1442109,Life Unexpected,2010,Drama
tt1442437,Modern Family,2009,"Comedy,Romance"
tt1442449,Spartacus,2010,"Action,Adventure,Biography"
tt1442462,The Good Wife,2009,"Crime,Drama,Mystery"
tt1442464,The Middle,2009,Comedy
tt1453159,The Pillars of the Earth,2010,"Drama,History,Romance"
tt1462059,Falling Skies,2011,"Action,Adventure,Drama"
tt1466074,Columbo,1971,"Crime,Drama,Mystery"
tt1474684,Luther,2010,"Crime,Drama,Mystery"
tt1475582,Sherlock,2010,"Crime,Drama,Mystery"
tt1480684,The League,2009,"Comedy,Sport"
tt1486217,Archer,2009,"Action,Animation,Comedy"
tt1489428,Justified,2010,"Action,Crime,Drama"
tt1492030,Mildred Pierce,2011,Drama
tt1492088,Pawn Stars,2009,Reality-TV
tt1492179,Strike Back,2010,"Action,Drama,Thriller"
tt1492966,Louie,2010,"Comedy,Drama"
tt1495708,Covert Affairs,2010,"Action,Crime,Drama"
tt1513168,Through the Wormhole,2010,Documentary
tt1515193,The Big C,2010,"Comedy,Drama"
tt1518542,Sarabhai vs Sarabhai,2004,Comedy
tt1519931,Haven,2010,"Crime,Drama,Fantasy"
tt1520211,The Walking Dead,2010,"Drama,Horror,Sci-Fi"
tt1526318,Borgen,2010,Drama
tt1528406,Fairy Tail,2009,"Action,Adventure,Animation"
tt1533395,Life,2009,Documentary
tt1533435,Miranda,2009,Comedy
tt1534360,Ezel,2009,"Crime,Drama,Thriller"
tt1548850,Misfits,2009,"Comedy,Drama,Fantasy"
tt1551632,Rizzoli & Isles,2010,"Crime,Drama,Mystery"
tt1552112,The Glades,2010,"Action,Crime,Drama"
tt1553644,The Ricky Gervais Show,2010,"Animation,Comedy,Talk-Show"
tt1553656,Under the Dome,2013,"Drama,Mystery,Sci-Fi"
tt1561755,Bob's Burgers,2011,"Animation,Comedy"
tt1563069,Jersey Shore,2009,"Comedy,Drama,Reality-TV"
tt1567432,Teen Wolf,2011,"Action,Comedy,Drama"
tt1578873,Pretty Little Liars,2010,"Drama,Mystery,Romance"
tt1582350,Episodes,2011,Comedy
tt1582457,The Borgias,2011,"Crime,Drama,History"
tt1582459,The Event,2010,"Crime,Drama,Mystery"
tt1583607,Hot in Cleveland,2010,Comedy
tt1586680,Shameless,2011,"Comedy,Drama"
tt1587669,Body of Proof,2011,"Crime,Drama"
tt1587678,Happy Endings,2011,"Comedy,Romance"
tt1590961,Breakout Kings,2011,"Crime,Drama,Thriller"
tt1591493,No Ordinary Family,2010,"Action,Comedy,Drama"
tt1592154,Nikita,2010,"Action,Crime,Drama"
tt1593756,Outsourced,2010,Comedy
tt1595680,Being Human,2011,"Drama,Fantasy,Horror"
tt1595859,Blue Bloods,2010,"Crime,Drama"
tt1597420,Melissa & Joey,2010,"Comedy,Romance"
tt1598754,24: Live Another Day,2014,"Action,Crime,Drama"
tt1600194,Hawaii Five-0,2010,"Action,Crime,Drama"
tt1600199,Franklin & Bash,2011,"Comedy,Crime"
tt1604099,Victorious,2010,"Comedy,Drama,Family"
tt1606375,Downton Abbey,2010,"Drama,Romance"
tt1608180,Mike & Molly,2010,Comedy
tt1610527,Workaholics,2011,Comedy
tt1615919,Raising Hope,2010,"Comedy,Family"
tt1626038,The Avengers: Earth's Mightiest Heroes,2010,"Action,Animation,Family"
tt1628033,Top Gear,2002,"Comedy,Talk-Show"
tt1632701,Suits,2011,"Comedy,Drama"
tt1637574,Conan,2010,"Comedy,Music,Talk-Show"
tt1637727,The Killing,2011,"Crime,Drama,Mystery"
tt1641247,Life's Too Short,2011,Comedy
tt1641349,Terra Nova,2011,"Adventure,Mystery,Sci-Fi"
tt1641384,Young Justice,2010,"Action,Adventure,Animation"
tt1663676,Awkward.,2011,"Comedy,Drama,Romance"
tt1672189,Camelot,2011,"Drama,Fantasy,History"
tt1695360,The Legend of Korra,2012,"Action,Adventure,Animation"
tt1699748,Hell on Wheels,2011,"Drama,Western"
tt1702042,An Idiot Abroad,2010,"Adventure,Comedy,Documentary"
tt1703925,Wilfred,2011,"Comedy,Drama,Mystery"
tt1710308,Regular Show,2009,"Action,Adventure,Animation"
tt1714204,Perception,2012,"Crime,Drama,Mystery"
tt1723816,Girls,2012,"Comedy,Drama"
tt1728102,Alcatraz,2012,"Action,Crime,Drama"
tt1733785,The Bridge,2011,"Crime,Mystery,Thriller"
tt1740299,The Man in the High Castle,2015,"Drama,Sci-Fi,Thriller"
tt1741256,Suburgatory,2011,Comedy
tt1751105,My Little Pony: Friendship Is Magic,2010,"Adventure,Animation,Comedy"
tt1758429,Spartacus: Gods of the Arena,2011,"Action,Adventure,Biography"
tt1758772,Switched at Birth,2011,"Drama,Family,Romance"
tt1759761,Veep,2012,Comedy
tt1780441,Portlandia,2011,Comedy
tt1795096,Behzat Ç.: Bir Ankara Polisiyesi,2010,"Crime,Drama,Mystery"
tt1796960,Homeland,2011,"Crime,Drama,Mystery"
tt1797404,House of Lies,2012,"Comedy,Drama"
tt1798274,The Lying Game,2011,"Drama,Mystery"
tt1806234,Human Planet,2011,Documentary
tt1819509,Don't Trust the B---- in Apartment 23,2012,Comedy
tt1819654,Ringer,2011,"Crime,Drama,Mystery"
tt1821681,Touch,2012,"Drama,Mystery,Sci-Fi"
tt1825133,Smash,2012,"Drama,Musical"
tt1826805,Pan Am,2011,"Drama,History,Romance"
tt1826940,New Girl,2011,Comedy
tt1828327,Last Man Standing,2011,Comedy
tt1830617,Grimm,2011,"Drama,Fantasy,Horror"
tt1831164,Leyla and Mecnun,2011,"Adventure,Comedy,Drama"
tt1832045,Magic City,2012,"Crime,Drama"
tt1832979,Hart of Dixie,2011,"Comedy,Drama,Romance"
tt1833285,Boss,2011,"Crime,Drama"
tt1836037,Longmire,2012,"Action,Crime,Drama"
tt1836195,The River,2012,"Adventure,Fantasy,Horror"
tt1837492,13 Reasons Why,2017,"Drama,Mystery"
tt1837576,Scandal,2012,"Drama,Thriller"
tt1837642,Revenge,2011,"Drama,Mystery,Thriller"
tt1837654,The Secret Circle,2011,"Drama,Fantasy,Horror"
tt1839337,The Voice,2011,"Game-Show,Music,Reality-TV"
tt1839578,Person of Interest,2011,"Action,Crime,Drama"
tt1839683,Awake,2012,"Drama,Fantasy,Mystery"
tt1842530,Unforgettable,2011,"Crime,Drama,Mystery"
tt1843230,Once Upon a Time,2011,"Adventure,Fantasy,Romance"
tt1844624,American Horror Story,2011,"Drama,Horror,Thriller"
tt1845307,2 Broke Girls,2011,Comedy
tt1848220,Magnificent Century,2011,"Biography,Drama,History"
tt1850458,Whitney,2011,Comedy
tt1856010,House of Cards,2013,Drama
tt1865718,Gravity Falls,2012,"Adventure,Animation,Comedy"
tt1865769,Jessie,2011,"Comedy,Family"
tt1870479,The Newsroom,2012,Drama
tt1883092,Generation War,2013,"Action,Drama,History"
tt1888075,Death in Paradise,2011,"Crime,Drama,Mystery"
tt1898069,American Gods,2017,"Drama,Fantasy,Mystery"
tt1909015,Undercover,2005,"Action,Crime,Drama"
tt1910272,Steins;Gate,2011,"Animation,Comedy,Drama"
tt1936532,Major Crimes,2012,"Crime,Drama,Mystery"
tt1942683,The Amazing World of Gumball,2011,"Action,Adventure,Animation"
tt1943524,The Finder,2012,"Comedy,Crime,Drama"
tt1954347,Continuum,2012,"Action,Sci-Fi,Thriller"
tt1958961,Lilyhammer,2012,"Comedy,Crime,Drama"
tt1981558,Key and Peele,2012,Comedy
tt1983079,Call the Midwife,2012,Drama
tt1984119,Feud,2017,"Biography,Drama"
tt1985443,Hatfields & McCoys,2012,"Drama,History,Romance"
tt1986770,Anger Management,2012,"Comedy,Romance"
tt1988386,Miss Fisher's Murder Mysteries,2012,"Crime,Drama,Mystery"
tt2017109,Banshee,2013,"Action,Crime,Drama"
tt2022713,Brickleberry,2012,"Animation,Comedy"
tt2049116,Gomorrah,2014,"Crime,Drama,Thriller"
tt2056366,The Carrie Diaries,2013,"Comedy,Romance"
tt2058303,Fresh Meat,2011,"Comedy,Drama"
tt2069441,Future Diary,2011,"Action,Animation,Drama"
tt2070791,Revolution,2012,"Action,Adventure,Drama"
tt2071645,The Following,2013,"Crime,Drama,Mystery"
tt2084712,Young & Hungry,2014,"Comedy,Drama,Romance"
tt2085059,Black Mirror,2011,"Drama,Sci-Fi,Thriller"
tt2087571,The New Normal,2012,"Comedy,Romance"
tt2092588,Frozen Planet,2011,Documentary
tt2094262,Da Vinci's Demons,2013,"Adventure,Biography,Drama"
tt2098220,Hunter x Hunter,2011,"Action,Adventure,Animation"
tt2100976,Impractical Jokers,2011,"Comedy,Reality-TV"
tt2103085,Top of the Lake,2013,"Crime,Drama,Mystery"
tt2137109,Masters of Sex,2013,"Drama,Romance"
tt2149175,The Americans,2013,"Crime,Drama,Mystery"
tt2155025,Please Like Me,2013,"Comedy,Drama,Romance"
tt2164430,A Young Doctor's Notebook & Other Stories,2012,"Comedy,Drama"
tt2170584,Video Game High School,2012,"Action,Romance,Sci-Fi"
tt2172103,Last Resort,2012,"Action,Drama,Mystery"
tt2177489,Baby Daddy,2012,"Comedy,Drama,Family"
tt2183404,Rectify,2013,Drama
tt2183641,Ripper Street,2012,"Crime,Drama,Mystery"
tt2188671,Bates Motel,2013,"Drama,Horror,Mystery"
tt2189221,Defiance,2013,"Action,Drama,Sci-Fi"
tt2189461,Marco Polo,2014,"Adventure,Drama,History"
tt2191671,Elementary,2012,"Crime,Drama,Mystery"
tt2193021,Arrow,2012,"Action,Adventure,Crime"
tt2193041,Beauty and the Beast,2012,"Drama,Horror,Romance"
tt2197797,666 Park Avenue,2012,"Drama,Fantasy,Mystery"
tt2211129,The Mindy Project,2012,Comedy
tt2226342,Devious Maids,2013,"Comedy,Drama,Mystery"
tt2234222,Orphan Black,2013,"Action,Drama,Sci-Fi"
tt2243973,Hannibal,2013,"Crime,Drama,Horror"
tt2249007,Ray Donovan,2013,"Crime,Drama"
tt2249364,Broadchurch,2013,"Crime,Drama,Mystery"
tt2250192,Sword Art Online,2012,"Action,Adventure,Animation"
tt2261227,Altered Carbon,2018,"Action,Drama,Sci-Fi"
tt2261391,Chicago Fire,2012,"Action,Drama"
tt2262308,Halo 4: Forward Unto Dawn,2012,"Action,Adventure,Sci-Fi"
tt2262532,The Fosters,2013,"Drama,Romance"
tt2281375,Nashville,2012,"Drama,Music,Romance"
tt2288064,Witches of East End,2013,"Drama,Fantasy"
tt2294189,The Fall,2013,"Crime,Drama,Thriller"
tt2295809,Mistresses,2013,"Drama,Romance,Thriller"
tt2296682,Dracula,2013,"Drama,Horror,Romance"
tt2297757,Nathan for You,2013,"Comedy,Documentary"
tt2300923,Go On,2012,Comedy
tt2303687,Line of Duty,2012,"Crime,Drama,Mystery"
tt2306299,Vikings,2013,"Action,Adventure,Drama"
tt2309295,Hemlock Grove,2013,"Horror,Mystery,Thriller"
tt2310212,Mr Selfridge,2013,Drama
tt2311418,Isler Güçler,2012,Comedy
tt2356777,True Detective,2014,"Crime,Drama,Mystery"
tt2357547,Jessica Jones,2015,"Action,Crime,Drama"
tt2364582,Agents of S.H.I.E.L.D.,2013,"Action,Adventure,Drama"
tt2365946,Bitten,2014,"Drama,Fantasy,Horror"
tt2372162,Orange Is the New Black,2013,"Comedy,Crime,Drama"
tt2372220,The White Queen,2013,"Drama,History,Romance"
tt2375692,Black Sails,2014,"Adventure,Drama"
tt2378794,Hello Ladies,2013,Comedy
tt2379308,Psycho-Pass,2012,"Action,Animation,Crime"
tt2384811,Utopia,2013,"Drama,Mystery,Sci-Fi"
tt2393813,Graceland,2013,"Action,Crime,Drama"
tt2395695,Cosmos: Possible Worlds,2014,Documentary
tt2401256,The Night Of,2016,"Crime,Drama"
tt2402137,Legends,2014,"Action,Crime,Drama"
tt2402207,The Last Ship,2014,"Action,Drama,Sci-Fi"
tt2406376,The Bridge,2013,"Crime,Drama,Mystery"
tt2407574,My Mad Fat Diary,2013,"Comedy,Drama,Romance"
tt2427220,Crossing Lines,2013,"Action,Crime,Drama"
tt2431438,Sense8,2015,"Drama,Mystery,Sci-Fi"
tt2433738,Wentworth,2013,"Crime,Drama"
tt2442560,Peaky Blinders,2013,"Crime,Drama"
tt2452242,Happy!,2017,"Comedy,Crime,Fantasy"
tt2467372,Brooklyn Nine-Nine,2013,"Comedy,Crime"
tt2480514,In the Flesh,2013,"Drama,Horror"
tt2521668,The Returned,2012,"Drama,Fantasy,Horror"
tt2543312,Halt and Catch Fire,2014,Drama
tt2543328,TURN: Washington's Spies,2014,"Drama,History,War"
tt2543796,Girl Meets World,2014,"Comedy,Drama,Family"
tt2548418,Jonathan Strange & Mr Norrell,2015,"Fantasy,History,Sci-Fi"
tt2560140,Attack on Titan,2013,"Action,Adventure,Animation"
tt2568204,Tyrant,2014,"Action,Drama,Thriller"
tt2575988,Silicon Valley,2014,Comedy
tt2578508,Inside Amy Schumer,2013,Comedy
tt2578560,Broad City,2014,Comedy
tt2581458,Looking,2014,"Comedy,Drama,Romance"
tt2592094,Believe,2014,"Drama,Fantasy,Sci-Fi"
tt2616280,Derek,2012,"Comedy,Drama"
tt2618986,Wayward Pines,2015,"Drama,Mystery,Sci-Fi"
tt2628232,Penny Dreadful,2014,"Drama,Fantasy,Horror"
tt2632424,The Originals,2013,"Drama,Fantasy,Horror"
tt2647544,Sleepy Hollow,2013,"Adventure,Drama,Fantasy"
tt2647586,Resurrection,2014,"Drama,Fantasy"
tt2649356,Sharp Objects,2018,"Crime,Drama,Mystery"
tt2654580,Almost Human,2013,"Action,Crime,Drama"
tt2654620,The Strain,2014,"Drama,Horror,Thriller"
tt2657262,Star-Crossed,2014,"Drama,Romance,Sci-Fi"
tt2660734,The Tomorrow People,2013,"Action,Drama,Sci-Fi"
tt2660806,Mom,2013,"Comedy,Drama,Romance"
tt2661044,The 100,2014,"Drama,Mystery,Sci-Fi"
tt2693776,Intelligence,2014,"Action,Drama,Sci-Fi"
tt2699110,The Affair,2014,Drama
tt2699128,The Leftovers,2014,"Drama,Fantasy,Mystery"
tt2701582,Endeavour,2012,"Crime,Drama,Mystery"
tt2707408,Narcos,2015,"Biography,Crime,Drama"
tt2708480,The Terror,2018,"Adventure,Drama,History"
tt2710104,The Crazy Ones,2013,Comedy
tt2710394,Reign,2013,"Drama,Fantasy"
tt2712740,The Goldbergs,2013,Comedy
tt2733252,The Musketeers,2014,"Adventure,Drama"
tt2741602,The Blacklist,2013,"Crime,Drama,Mystery"
tt2758950,Helix,2014,"Horror,Mystery,Sci-Fi"
tt2771780,Teen Titans Go!,2013,"Action,Animation,Comedy"
tt2788432,American Crime Story,2016,"Biography,Crime,Drama"
tt2802008,Once Upon a Time in Wonderland,2013,"Adventure,Drama,Fantasy"
tt2802850,Fargo,2014,"Crime,Drama,Thriller"
tt2805096,Chicago P.D.,2014,"Action,Crime,Drama"
tt2861424,Rick and Morty,2013,"Adventure,Animation,Comedy"
tt2879552,11.22.63,2016,"Drama,Mystery,Sci-Fi"
tt2891574,Ballers,2015,"Comedy,Drama,Sport"
tt2930604,Star Wars Rebels,2014,"Action,Adventure,Animation"
tt2937900,The Knick,2014,Drama
tt2963254,Salem,2014,"Drama,Fantasy,Thriller"
tt3006802,Outlander,2014,"Drama,Fantasy,Romance"
tt3012698,Olive Kitteridge,2014,Drama
tt3032476,Better Call Saul,2015,"Crime,Drama"
tt3061046,Steven Universe,2013,"Action,Adventure,Animation"
tt3079768,Dominion,2014,"Action,Drama,Fantasy"
tt3107288,The Flash,2014,"Action,Adventure,Drama"
tt3127020,Faking It,2014,"Comedy,Drama,Romance"
tt3132738,Houdini,2014,"Biography,Drama"
tt3148266,12 Monkeys,2015,"Adventure,Drama,Mystery"
tt3155320,Extant,2014,"Drama,Sci-Fi,Thriller"
tt3186130,Vinyl,2016,"Drama,Music"
tt3205802,How to Get Away with Murder,2014,"Crime,Drama,Mystery"
tt3216586,The Brink,2015,Comedy
tt3228420,You're the Worst,2014,"Comedy,Drama,Romance"
tt3228904,Empire,2015,"Drama,Music"
tt3230454,The Last Man on Earth,2015,"Action,Comedy,Drama"
tt3230780,The Returned,2015,"Drama,Fantasy,Horror"
tt3230854,The Expanse,2015,"Drama,Mystery,Sci-Fi"
tt3250026,Zoo,2015,"Drama,Mystery,Sci-Fi"
tt3281796,Power,2014,"Crime,Drama"
tt3288518,Younger,2015,"Comedy,Romance"
tt3305096,Galavant,2015,"Adventure,Comedy,Fantasy"
tt3314218,UnREAL,2015,Drama
tt3322310,Iron Fist,2017,"Action,Adventure,Crime"
tt3322312,Daredevil,2015,"Action,Crime,Drama"
tt3322314,Luke Cage,2016,"Action,Crime,Drama"
tt3337194,From Dusk Till Dawn: The Series,2014,"Action,Crime,Horror"
tt3339966,Unbreakable Kimmy Schmidt,2015,"Comedy,Drama"
tt3358020,Parasyte: The Maxim,2014,"Action,Animation,Horror"
tt3398228,BoJack Horseman,2014,"Animation,Comedy,Drama"
tt3428912,Happy Valley,2014,"Crime,Drama"
tt3444938,The Tonight Show Starring Jimmy Fallon,2014,"Comedy,Music,Talk-Show"
tt3475734,Agent Carter,2015,"Action,Adventure,Sci-Fi"
tt3487356,Black-ish,2014,Comedy
tt3487382,Forever,2014,"Crime,Drama,Fantasy"
tt3489184,Constantine,2014,"Drama,Fantasy,Horror"
tt3498622,Fortitude,2015,"Drama,Horror,Mystery"
tt3501074,Madam Secretary,2014,Drama
tt3501584,iZombie,2015,"Comedy,Crime,Drama"
tt3502172,Mozart in the Jungle,2014,"Comedy,Drama,Music"
tt3502248,Bosch,2014,"Crime,Drama"
tt3502262,Transparent,2014,"Comedy,Drama"
tt3514324,Scorpion,2014,"Action,Crime,Drama"
tt3520702,Bloodline,2015,"Drama,Thriller"
tt3526078,Schitt's Creek,2015,Comedy
tt3530232,Last Week Tonight with John Oliver,2014,"Comedy,News,Talk-Show"
tt3549044,Selfie,2014,"Comedy,Romance"
tt3551096,Fresh Off the Boat,2015,Comedy
tt3556944,Heroes Reborn,2015,"Drama,Fantasy,Sci-Fi"
tt3560084,NCIS: New Orleans,2014,"Crime,Drama"
tt3560094,Stalker,2014,"Crime,Drama,Thriller"
tt3566726,Jane the Virgin,2014,Comedy
tt3579018,Emerald City,2016,"Adventure,Drama,Fantasy"
tt3581932,And Then There Were None,2015,"Crime,Drama,Mystery"
tt3609352,Grace and Frankie,2015,Comedy
tt3636060,Poldark,2015,"Drama,History,Romance"
tt3647998,Taboo,2017,"Drama,Mystery,Thriller"
tt3655448,The Young Pope,2016,Drama
tt3663490,The Librarians,2014,"Action,Adventure,Comedy"
tt3671754,Kardes Payi,2014,"Comedy,Drama,Family"
tt3696720,Ascension,2014,"Drama,Sci-Fi"
tt3718778,Over the Garden Wall,2014,"Adventure,Animation,Drama"
tt3741634,Tokyo Ghoul,2014,"Action,Animation,Drama"
tt3743822,Fear the Walking Dead,2015,"Drama,Horror,Sci-Fi"
tt3749900,Gotham,2014,"Action,Crime,Drama"
tt3766376,Vice Principals,2016,Comedy
tt3843168,Z Nation,2014,"Action,Comedy,Drama"
tt3865236,Into the Badlands,2015,"Action,Adventure,Drama"
tt3868848,Stitchers,2015,"Crime,Drama,Sci-Fi"
tt3877200,The Missing,2014,"Crime,Drama,Mystery"
tt3910804,War & Peace,2016,"Drama,History,Romance"
tt3920596,Big Little Lies,2017,"Crime,Drama,Mystery"
tt3921180,Scream: The TV Series,2015,"Crime,Drama,Horror"
tt3952222,Killjoys,2015,"Action,Adventure,Sci-Fi"
tt3986586,Fuller House,2016,"Comedy,Family"
tt4016454,Supergirl,2015,"Action,Adventure,Drama"
tt4047038,Dirk Gently's Holistic Detective Agency,2016,"Action,Comedy,Crime"
tt4051832,Lovesick,2014,Comedy
tt4052886,Lucifer,2015,"Crime,Drama,Fantasy"
tt4061080,Love,2016,"Comedy,Drama,Romance"
tt4093826,Twin Peaks,2017,"Crime,Drama,Fantasy"
tt4094300,Crazy Ex-Girlfriend,2015,"Comedy,Musical"
tt4122068,Humans,2015,"Drama,Sci-Fi"
tt4145054,Shadowhunters: The Mortal Instruments,2016,"Action,Fantasy,Romance"
tt4145384,Scream Queens,2015,"Comedy,Horror,Mystery"
tt4154858,Inhumans,2017,"Action,Adventure,Sci-Fi"
tt4156586,Permanent Roommates,2014,"Comedy,Romance"
tt4158110,Mr. Robot,2015,"Crime,Drama,Thriller"
tt4159076,Dark Matter,2015,"Adventure,Drama,Mystery"
tt4179452,The Last Kingdom,2015,"Action,Drama,History"
tt4181172,Shooter,2016,"Action,Drama"
tt4189022,Ash vs Evil Dead,2015,"Action,Comedy,Fantasy"
tt4202274,The Filthy Frank Show,2011,"Comedy,Fantasy,Music"
tt4209256,Colony,2016,"Action,Adventure,Drama"
tt4229954,Outcast,2016,"Drama,Horror"
tt4230076,The Defenders,2017,"Action,Adventure,Crime"
tt4254242,The Magicians,2015,"Drama,Fantasy"
tt4258440,River,2015,"Crime,Drama,Mystery"
tt4270492,Billions,2016,Drama
tt4288182,Atlanta,2016,"Comedy,Drama,Music"
tt4299972,The Jinx: The Life and Deaths of Robert Durst,2015,"Crime,Documentary"
tt4320258,Resurrection: Ertugrul,2014,"Action,Adventure,Drama"
tt4326894,F Is for Family,2015,"Animation,Comedy,Drama"
tt4341500,Wet Hot American Summer: First Day of Camp,2015,Comedy
tt4374208,Catastrophe,2015,Comedy
tt4378456,Second Chance,2016,"Drama,Sci-Fi"
tt4396630,The Gifted,2017,"Action,Drama,Fantasy"
tt4422836,Limitless,2015,"Comedy,Crime,Drama"
tt4428122,Quantico,2015,"Crime,Drama,Mystery"
tt4474344,Blindspot,2015,"Action,Crime,Drama"
tt4477976,Superstore,2015,Comedy
tt4508902,One Punch Man,2015,"Action,Animation,Comedy"
tt4532368,Legends of Tomorrow,2016,"Action,Adventure,Drama"
tt4574334,Stranger Things,2016,"Drama,Fantasy,Horror"
tt4592410,The Get Down,2016,"Drama,Music,Musical"
tt4604612,The Alienist,2018,"Drama,Mystery"
tt4635276,Master of None,2015,Comedy
tt4635282,The OA,2016,"Drama,Fantasy,Mystery"
tt4643084,Counterpart,2017,"Drama,Sci-Fi,Thriller"
tt4644488,Dragon Ball Super,2015,"Action,Adventure,Animation"
tt4687880,Goliath,2016,Drama
tt4742876,TVF Pitchers,2015,"Comedy,Drama"
tt4786824,The Crown,2016,"Drama,History"
tt4834206,A Series of Unfortunate Events,2017,"Adventure,Comedy,Drama"
tt4878326,Wynonna Earp,2016,"Action,Drama,Fantasy"
tt4922804,3%,2016,"Action,Drama,Sci-Fi"
tt4955642,The Good Place,2016,"Comedy,Drama,Fantasy"
tt4975856,Future Man,2017,"Action,Comedy,Sci-Fi"
tt4998212,The Ranch,2016,Comedy
tt4998350,The Deuce,2017,Drama
tt5011816,Sneaky Pete,2015,"Crime,Drama"
tt5016504,Preacher,2016,"Adventure,Drama,Fantasy"
tt5057054,Tom Clancy's Jack Ryan,2018,"Action,Drama,Thriller"
tt5071412,Ozark,2017,"Crime,Drama,Thriller"
tt5114356,Legion,2017,"Action,Drama,Sci-Fi"
tt5137338,Victoria,2016,"Biography,Drama,History"
tt5164196,Lethal Weapon,2016,"Action,Crime,Drama"
tt5171438,Star Trek: Discovery,2017,"Action,Adventure,Drama"
tt5189670,Making a Murderer,2015,"Crime,Documentary"
tt5197820,Van Helsing,2016,"Action,Drama,Fantasy"
tt5232792,Lost in Space,2018,"Adventure,Drama,Sci-Fi"
tt5249462,Erased,2016,"Animation,Drama,Fantasy"
tt5269594,Marcella,2016,"Crime,Drama,Mystery"
tt5288312,Skam,2015,"Drama,Romance"
tt5290382,Mindhunter,2017,"Crime,Drama,Thriller"
tt5296406,Designated Survivor,2016,"Action,Drama,Mystery"
tt5348176,Barry,2018,"Comedy,Crime,Drama"
tt5363918,Disenchantment,2018,"Adventure,Animation,Comedy"
tt5368542,The Exorcist,2016,"Drama,Horror,Thriller"
tt5420376,Riverdale,2016,"Crime,Drama,Mystery"
tt5421602,Anne with an E,2017,Drama
tt5425186,Horace and Pete,2016,"Comedy,Drama"
tt5435008,Gilmore Girls: A Year in the Life,2016,"Comedy,Drama"
tt5491994,Planet Earth II,2016,Documentary
tt5503718,Gypsy,2017,"Drama,Thriller"
tt5511582,Timeless,2016,"Action,Adventure,Drama"
tt5516154,Godless,2017,"Drama,Western"
tt5531470,Frequency,2016,"Drama,Fantasy,Mystery"
tt5540054,The Tick,2017,"Action,Comedy"
tt5555260,This Is Us,2016,"Comedy,Drama,Romance"
tt5565334,Friends from College,2017,"Comedy,Drama"
tt5574490,Animal Kingdom,2016,"Crime,Drama"
tt5580146,Maniac,2018,"Comedy,Drama,Sci-Fi"
tt5580540,Santa Clarita Diet,2017,"Comedy,Horror"
tt5618256,Manhunt: Unabomber,2017,"Crime,Drama"
tt5626028,My Hero Academia,2016,"Action,Animation,Comedy"
tt5638056,The Mick,2017,Comedy
tt5639976,The Mist,2017,"Drama,Horror,Sci-Fi"
tt5651844,Travelers,2016,"Drama,Mystery,Sci-Fi"
tt5673782,Genius,2017,"Biography,Drama,History"
tt5675620,The Punisher,2017,"Action,Adventure,Crime"
tt5687612,Fleabag,2016,"Comedy,Drama"
tt5691552,The Orville,2017,"Adventure,Comedy,Drama"
tt5706996,Girlboss,2017,Comedy
tt5707802,Dear White People,2017,"Comedy,Drama"
tt5712554,The Grand Tour,2016,"Comedy,Talk-Show"
tt5753856,Dark,2017,"Crime,Drama,Mystery"
tt5770786,GLOW,2017,"Comedy,Drama,Sport"
tt5788792,The Marvelous Mrs. Maisel,2017,"Comedy,Drama"
tt5827228,Bull,2016,"Comedy,Crime,Drama"
tt5834204,The Handmaid's Tale,2017,"Drama,Sci-Fi"
tt5853176,The Good Fight,2017,"Crime,Drama"
tt6045840,Black Lightning,2018,"Action,Drama,Sci-Fi"
tt6048596,The Sinner,2017,"Crime,Drama,Mystery"
tt6051216,Içerde,2016,"Action,Crime,Drama"
tt6077448,Sacred Games,2018,"Action,Crime,Drama"
tt6170874,Salvation,2017,"Drama,Sci-Fi,Thriller"
tt6205862,"Inside Look: The People v. O.J. Simpson, American Crime Story",2016,Documentary
tt6226232,Young Sheldon,2017,Comedy
tt6257970,The End of the F***ing World,2017,"Adventure,Comedy,Drama"
tt6315640,Atypical,2017,"Comedy,Drama"
tt6317068,Final Space,2018,"Action,Adventure,Animation"
tt6468322,Money Heist,2017,"Action,Crime,Mystery"
tt6470478,The Good Doctor,2017,Drama
tt6483832,The Resident,2018,Drama
tt6487482,Insatiable,2018,"Comedy,Drama,Thriller"
tt6517102,Castlevania,2017,"Action,Adventure,Animation"
tt6524350,Big Mouth,2017,"Animation,Comedy,Romance"
tt6548228,Castle Rock,2018,"Drama,Fantasy,Horror"
tt6586318,Patrick Melrose,2018,Drama
tt6656238,The Rain,2018,"Sci-Fi,Thriller"
tt6763664,The Haunting of Hill House,2018,"Drama,Fantasy,Horror"
tt6769208,Blue Planet II,2017,Documentary
tt6792200,The Keepers,2017,"Crime,Documentary"
tt6873658,The Mechanism,2018,"Crime,Drama,Thriller"
tt6877772,American Vandal,2017,"Comedy,Crime,Drama"
tt7016936,Killing Eve,2018,"Drama,Thriller"
tt7078710,Everything Sucks!,2018,Comedy
tt7221388,Cobra Kai,2018,"Action,Comedy,Drama"
tt7450814,Koombiyo,2017,"Crime,Drama,Thriller"
tt7493974,Bodyguard,2018,"Crime,Drama,Thriller"
tt7569592,Chilling Adventures of Sabrina,2018,"Drama,Fantasy,Horror"
tt7768848,Wild Wild Country,2018,"Crime,Documentary"
tt7902072,Safe,2018,"Drama,Mystery"
tt7927936,Flames,2018,"Comedy,Drama,Romance"
tt8342862,Evil Genius: The True Story of America's Most Diabolical Bank Heist,2018,"Crime,Documentary"
tt8595766,Yeh Meri Family,2018,"Comedy,Drama,Family"
tt8809646,College Romance,2018,"Comedy,Drama,Romance"
